<?xml version="1.0" encoding="UTF-8"?>
<project-private xmlns="http://www.netbeans.org/ns/project-private/1">
    <editor-bookmarks xmlns="http://www.netbeans.org/ns/editor-bookmarks/2" lastBookmarkId="0"/>
    <open-files xmlns="http://www.netbeans.org/ns/projectui-open-files/2">
        <group>
            <file>file:/C:/Users/Acer/Desktop/Programming/Java%20Projects/Student-Grade-Management-System/SGMS/src/Tempura/AdminMenu.java</file>
            <file>file:/C:/Users/Acer/Desktop/Programming/Java%20Projects/Student-Grade-Management-System/SGMS/src/Tempura/StudentDisplay.java</file>
            <file>file:/C:/Users/Acer/Desktop/Programming/Java%20Projects/Student-Grade-Management-System/SGMS/src/Tempura/Main.java</file>
            <file>file:/C:/Users/Acer/Desktop/Programming/Java%20Projects/Student-Grade-Management-System/SGMS/src/Tempura/LoginForm.java</file>
        </group>
    </open-files>
</project-private>
